00000000,"0.0, 0.0, 0.0, 0.0"
00000001,"0.0, 0.0, 0.0, 0.0"
00000010,"0.0, 0.0, 0.0, 0.0"
00000011,"0.0, 0.0, 0.0, 0.0"
00000100,"0.0, 0.0, 0.0, 0.0"
00000101,"0.0, 0.0, 0.0, 0.0"
00000110,"0.0, 0.0, 0.0, 0.0"
00000111,"0.0, 0.0, 0.0, 0.0"
00001000,"0.0, 0.0, 0.0, 0.0"
00001001,"0.0, 0.0, 0.0, 0.0"
00001010,"0.0, 0.0, 0.0, 0.0"
00001011,"0.0, 0.0, 0.0, 0.0"
00001100,"0.0, 0.0, 0.0, 0.0"
00001101,"0.0, 0.0, 0.0, 0.0"
00001110,"0.0, 0.0, 0.0, 0.0"
00001111,"0.0, 0.0, 0.0, 0.0"
00010000,"0.0, 0.0, 0.0, 0.0"
00010001,"188.30391574030077, -50.0, 11.495452696783294, 18.226159786561798"
00010010,"194.19560088954586, 66.98685337071234, 12.179954455056361, -50.0"
00010011,"174.44155382798397, -50.0, 16.988449769095887, -50.0"
00010100,"255.1334677407683, 42.905217982100766, -50.0, -8.466132512631829"
00010101,"186.79043471786082, -42.21501572499391, -50.0, 18.822531801536837"
00010110,"174.27026462632426, 33.0794941588119, -47.332884133609795, -50.0"
00010111,"144.2673205649375, -50.0, -96.875, -87.5"
00011000,"-50.0, 31.945826705698565, 6.20779885691954, 5.73726953389723"
00011001,"-50.0, -50.0, 9.911101423263766, 11.494667483858603"
00011010,"-50.0, 5.792768963802919, 30.27415379423121, -50.0"
00011011,"-50.0, -50.0, 14.94760904906341, -38.95678203311729"
00011100,"-50.0, -44.54814457688225, -75.0, 8.316162223792212"
00011101,"-50.0, -50.0, -50.0, 43.20975471879106"
00011110,"-87.5, 9.892309275788485, -87.5, -50.0"
00011111,"-96.875, -97.1875, -96.875, -96.875"
00020000,"0.0, 0.0, 0.0, 0.0"
00020001,"39.14876952463857, -50.0, 201.72659948028075, 46.664277000535165"
00020010,"26.567327718039312, 50.71389218409426, 165.74694800338187, -50.0"
00020011,"19.455253939590175, -50.0, 85.84715347487192, -50.0"
00020100,"28.75671971771126, 1.6380514782058235, -50.0, 33.81133662090555"
00020101,"54.68215569561828, -50.0, -50.0, 9.077481404559567"
00020110,"32.62687654496278, 22.205522860607616, -50.0, -50.0"
00020111,"29.666502281936374, -50.0, -50.0, -50.0"
00021000,"-50.0, 43.26958670343663, 250.74089182538296, 22.28607555013694"
00021001,"-50.0, -31.17309585480639, 303.39017492472476, 14.562981460482431"
00021010,"-50.0, 30.524539063642152, 159.77562641799994, -50.0"
00021011,"-50.0, -50.0, 152.12524213037452, -50.0"
00021100,"-93.75, -21.282150924602284, -50.0, 42.51263015442579"
00021101,"-50.0, -50.0, -50.0, 7.452710408144056"
00021110,"-75.0, 10.147293408129267, -50.0, -50.0"
00021111,"-93.75, -96.25, -93.75, -96.25"
00100000,"0.0, 0.0, 0.0, 0.0"
00100001,"-23.916468219862974, -50.0, -28.53571755548719, 86.8249999971458"
00100010,"13.913867205537484, 12.56397875707846, 47.51470617112533, -50.0"
00100011,"-8.605021515492837, -93.75, 40.86064453846381, -75.0"
00100100,"17.943673682910973, 24.72374678193173, -50.0, 227.0191535655507"
00100101,"4.383673285938914, -50.0, -50.0, 204.49614935488592"
00100110,"26.58117185778724, 45.42340045755354, -50.0, -50.0"
00100111,"39.740633676021176, -50.0, -75.0, -23.407503808044957"
00101000,"-50.0, 21.78097114456745, 29.892392361354176, 171.49780069071423"
00101001,"-50.0, -50.0, 24.505930814549302, 224.45589617193946"
00101010,"-50.0, 27.98559013685225, -10.639225626138966, -50.0"
00101011,"-50.0, -50.0, 26.342852528742444, -50.0"
00101100,"-35.18056458430846, 0.0, -50.0, 206.8451132958237"
00101101,"-50.0, -50.0, -29.09969675904528, 34.63527439065848"
00101110,"-55.00000000000001, -24.57315742307189, -50.0, -50.0"
00101111,"-96.875, -96.875, -93.75, -96.875"
00110000,"0.0, 0.0, 0.0, 0.0"
00110001,"123.87885958040921, -50.0, -23.899621174062958, 59.73469038606815"
00110010,"-5.96004224416977, 39.693601831244365, -8.775196916492266, -75.0"
00110011,"44.085850759142815, -96.875, -15.840977864900317, -87.5"
00110100,"57.50868100732923, -22.33875996292366, -50.0, 113.6145640991808"
00110101,"77.56041436450685, -50.0, -50.0, 55.66874815855"
00110110,"67.76405322376354, 47.108394383458695, -99.80422230923193, -99.98483207831853"
00110111,"71.2156369934778, -99.993896484375, -99.8046875, -77.26093587052223"
00111000,"-50.0, -4.473270238495935, -9.932837789614794, 83.51806031416228"
00111001,"-50.0, -50.0, -0.6043443350241162, 66.11701804935058"
00111010,"-50.0, 44.02824379333321, -16.166169163766945, -50.0"
00111011,"-75.0, -75.0, 25.5769398740478, -75.0"
00111100,"-50.0, -61.02974887871394, -75.0, -45.14122074931709"
00111101,"-75.0, -87.5, -75.0, -18.498237327948004"
00111110,"-88.47611950277074, -48.997567198673075, -75.0, -93.75"
00111111,"-99.88537039067214, -99.99999850988388, -99.99999850988388, -99.99999850988388"
00120000,"0.0, 0.0, 0.0, 0.0"
00120001,"-26.230470215849742, -50.0, -7.033811609789879, 113.32174111387079"
00120010,"-27.17770210954911, -11.782128579146956, 98.86040737447972, -50.0"
00120011,"-36.70149249250936, -75.0, -14.068925344686676, -75.0"
00120100,"31.801293642617317, 43.301167647002764, -50.0, 99.38450550552692"
00120101,"2.712238725630142, -50.0, -48.0, 64.29280599572056"
00120110,"1.1504822978392506, 33.78794324822147, -99.0625, -99.765625"
00120111,"16.517581412620174, -93.75, -99.8046875, -97.5781455937756"
00121000,"-50.0, 38.84650193230128, 133.4152537483037, -6.636240650001472"
00121001,"-50.0, -75.0, 103.73608986696689, -20.50291638423984"
00121010,"-50.0, -1.741267458845563, 108.50144726909198, -50.0"
00121011,"-50.0, -73.0748047299548, 35.90634705305692, -52.28891270018223"
00121100,"-50.0, -43.75932386707408, -69.27468448125225, -22.120955617162316"
00121101,"-87.5, -75.0, -59.164909900713674, 26.492578028704237"
00121110,"-87.5, -7.475278962656738, -75.0, -87.5"
00121111,"-99.99998807907104, -99.96681624338945, -99.99998918141154, -99.99997633436949"
00200000,"0.0, 0.0, 0.0, 0.0"
00200001,"26.548940763646222, -50.0, 37.47067240993438, 34.27689840928632"
00200010,"-3.3143005886000196, 183.29053908859265, -8.008751555558717, -50.0"
00200011,"-47.64890144693739, -68.75509457197501, 2.3035971348793822, -75.0"
00200100,"12.940691462781817, 157.3740847421929, -50.0, 28.729408268732836"
00200101,"11.851080516811393, -50.0, -50.0, 12.791529546514079"
00200110,"49.002263795605344, 199.21980612637515, -50.0, -50.0"
00200111,"26.22212495588833, -75.0, -87.5, -87.5"
00201000,"-50.0, 10.681702912423459, 8.617655556959335, 43.42002361191665"
00201001,"-50.0, -50.0, 78.23253476159019, 18.060355326416154"
00201010,"-50.0, 130.15857331310553, 36.535241660161034, -50.0"
00201011,"-50.0, -50.0, 34.31576676176327, -50.0"
00201100,"-50.0, 36.98508634224237, -50.0, -11.444242818210043"
00201101,"-50.0, -50.0, -50.0, 42.18955842909026"
00201110,"-50.0, 115.34453219771132, -50.0, -50.0"
00201111,"-81.30691937016202, -98.4375, -99.21875, -99.53125"
00210000,"0.0, 0.0, 0.0, 0.0"
00210001,"98.32333618047713, -50.0, 1.363597843936479, -3.3219281816383415"
00210010,"-14.085329759311023, 126.49102535156166, -4.177658637302116, -50.0"
00210011,"-62.784799055661374, -75.0, -13.41218589913484, -75.0"
00210100,"86.66863259361332, 92.67822230660029, -50.0, 85.60995876232342"
00210101,"68.62570817543609, -50.0, -50.0, 6.634440608051636"
00210110,"45.09663635119277, 94.25780750168333, -50.0, -50.0"
00210111,"4.205612487772839, -90.50685859676942, -87.5, -99.9755859375"
00211000,"-50.0, 93.64255862134331, 1.2207534137131655, 1.5696557299187575"
00211001,"-36.312335541146325, -50.0, 76.64828300619958, -24.352814796745953"
00211010,"-36.23791910204562, 41.89995521581739, -7.795195467733279, -43.566075756208235"
00211011,"-50.0, -75.0, 49.44580904353818, -75.0"
00211100,"-87.5, 90.26646314372138, -78.0257317407197, -62.60215284855094"
00211101,"-75.0, -87.5, -87.5, -61.33303027829231"
00211110,"-50.0, -15.762986380119152, -50.0, -50.0"
00211111,"-99.99999994899096, -99.99999238560228, -99.99999995343387, -99.99999995343387"
00220000,"0.0, 0.0, 0.0, 0.0"
00220001,"-16.14860719091307, -50.0, -4.305351287342432, 57.762741826926636"
00220010,"-1.9018273883890089, 2.9682153659938004, 103.31864559586964, -50.0"
00220011,"-58.916151025285416, -50.0, 19.983961954869613, -75.0"
00220100,"1.968433007786703, 17.211995095609527, -50.0, 40.13658240382968"
00220101,"-22.574012278550427, -50.0, -50.0, 31.086458831819765"
00220110,"-14.5388052338784, 23.719614663525007, -50.0, -50.0"
00220111,"26.06253083659624, -96.875, -98.4375, -87.5"
00221000,"-50.0, -10.768098820770215, 132.37497368138776, -6.433147941709283"
00221001,"-50.0, -50.0, 20.27255468276155, -27.77616121101431"
00221010,"-50.0, -42.265996460365784, 25.353035504074725, -85.0"
00221011,"-50.0, -39.543137818758865, 14.113220705983503, -50.0"
00221100,"-50.0, -4.51927410579496, -87.5, -48.972815688882605"
00221101,"-75.0, -75.0, -75.0, -0.23069382832985852"
00221110,"-50.0, 20.814605218438892, -50.0, -50.0"
00221111,"-99.99999867305903, -99.99999925494194, -99.99999925494194, -99.99999910593033"
01000000,"0.0, 0.0, 0.0, 0.0"
01000001,"0.0, 0.0, 0.0, 0.0"
01000010,"0.0, 0.0, 0.0, 0.0"
01000011,"0.0, 0.0, 0.0, 0.0"
01000100,"0.0, 0.0, 0.0, 0.0"
01000101,"0.0, 0.0, 0.0, 0.0"
01000110,"0.0, 0.0, 0.0, 0.0"
01000111,"0.0, 0.0, 0.0, 0.0"
01001000,"0.0, 0.0, 0.0, 0.0"
01001001,"0.0, 0.0, 0.0, 0.0"
01001010,"0.0, 0.0, 0.0, 0.0"
01001011,"0.0, 0.0, 0.0, 0.0"
01001100,"0.0, 0.0, 0.0, 0.0"
01001101,"0.0, 0.0, 0.0, 0.0"
01001110,"0.0, 0.0, 0.0, 0.0"
01001111,"0.0, 0.0, 0.0, 0.0"
01010000,"0.0, 0.0, 0.0, 0.0"
01010001,"0.0, 0.0, 0.0, 0.0"
01010010,"0.0, 0.0, 0.0, 0.0"
01010011,"0.0, 0.0, 0.0, 0.0"
01010100,"0.0, 0.0, 0.0, 0.0"
01010101,"0.0, 0.0, 0.0, 0.0"
01010110,"0.0, 0.0, 0.0, 0.0"
01010111,"0.0, 0.0, 0.0, 0.0"
01011000,"0.0, 0.0, 0.0, 0.0"
01011001,"0.0, 0.0, 0.0, 0.0"
01011010,"0.0, 0.0, 0.0, 0.0"
01011011,"0.0, 0.0, 0.0, 0.0"
01011100,"0.0, 0.0, 0.0, 0.0"
01011101,"0.0, 0.0, 0.0, 0.0"
01011110,"0.0, 0.0, 0.0, 0.0"
01011111,"0.0, 0.0, 0.0, 0.0"
01020000,"0.0, 0.0, 0.0, 0.0"
01020001,"-50.0, -50.0, 8.305984249056221, 47.49809085483735"
01020010,"-50.0, 50.098552050447495, 131.7555752677185, -50.0"
01020011,"0.0, 0.0, 66.27179922878503, 0.0"
01020100,"-50.0, -15.979403083070128, -50.0, -8.399783304945856"
01020101,"-50.0, -50.0, -50.0, 26.551968423228637"
01020110,"-50.0, 5.086519106219811, -50.0, -50.0"
01020111,"-75.0, -50.0, -85.0, -50.0"
01021000,"0.0, 0.0, 0.0, 0.0"
01021001,"0.0, 0.0, 0.0, 0.0"
01021010,"0.0, 0.0, 0.0, 0.0"
01021011,"0.0, 0.0, 0.0, 0.0"
01021100,"0.0, 0.0, 0.0, 0.0"
01021101,"0.0, 0.0, 0.0, 0.0"
01021110,"0.0, 0.0, 0.0, 0.0"
01021111,"0.0, 0.0, 0.0, 0.0"
01100000,"0.0, 0.0, 0.0, 0.0"
01100001,"-50.0, -50.0, 11.13721350567883, 223.96946042689262"
01100010,"-50.0, 15.978378339151256, -8.857438690295844, -50.0"
01100011,"0.0, 0.0, 0.0, 0.0"
01100100,"-50.0, 16.441205209501504, -50.0, 199.21018646670996"
01100101,"-50.0, -50.0, -50.0, 113.6093262238744"
01100110,"-55.00000000000001, 16.12094953872363, -39.912657501329406, -50.0"
01100111,"-50.0, -50.0, -50.0, 0.0"
01101000,"0.0, 0.0, 0.0, 0.0"
01101001,"0.0, 0.0, 0.0, 0.0"
01101010,"0.0, 0.0, 0.0, 0.0"
01101011,"0.0, 0.0, 0.0, 0.0"
01101100,"0.0, 0.0, 0.0, 0.0"
01101101,"0.0, 0.0, 0.0, 0.0"
01101110,"0.0, 0.0, 0.0, 0.0"
01101111,"0.0, 0.0, 0.0, 0.0"
01110000,"0.0, 0.0, 0.0, 0.0"
01110001,"0.0, 0.0, 0.0, 0.0"
01110010,"0.0, 0.0, 0.0, 0.0"
01110011,"0.0, 0.0, 0.0, 0.0"
01110100,"0.0, 0.0, 0.0, 0.0"
01110101,"0.0, 0.0, 0.0, 0.0"
01110110,"0.0, 0.0, 0.0, 0.0"
01110111,"0.0, 0.0, 0.0, 0.0"
01111000,"0.0, 0.0, 0.0, 0.0"
01111001,"0.0, 0.0, 0.0, 0.0"
01111010,"0.0, 0.0, 0.0, 0.0"
01111011,"0.0, 0.0, 0.0, 0.0"
01111100,"0.0, 0.0, 0.0, 0.0"
01111101,"0.0, 0.0, 0.0, 0.0"
01111110,"0.0, 0.0, 0.0, 0.0"
01111111,"0.0, 0.0, 0.0, 0.0"
01120000,"0.0, 0.0, 0.0, 0.0"
01120001,"-50.0, -50.0, -3.361775399326916, 46.59161378667553"
01120010,"-50.0, 31.545785386433856, 4.201351869238702, -50.0"
01120011,"-50.0, -50.0, 40.99571398338631, -50.0"
01120100,"-50.0, 23.501837040869553, -50.0, -29.03111807116391"
01120101,"-50.0, -50.0, -50.0, 4.880835117786209"
01120110,"-50.0, 29.582656481125206, -87.5, -75.0"
01120111,"-93.75, -97.1875, -93.75, -93.75"
01121000,"0.0, 0.0, 0.0, 0.0"
01121001,"0.0, 0.0, 0.0, 0.0"
01121010,"0.0, 0.0, 0.0, 0.0"
01121011,"0.0, 0.0, 0.0, 0.0"
01121100,"0.0, 0.0, 0.0, 0.0"
01121101,"0.0, 0.0, 0.0, 0.0"
01121110,"0.0, 0.0, 0.0, 0.0"
01121111,"0.0, 0.0, 0.0, 0.0"
01200000,"0.0, 0.0, 0.0, 0.0"
01200001,"-50.0, -50.0, 66.85044985103329, 0.0"
01200010,"-50.0, 259.1561369856902, 35.48391237062849, -50.0"
01200011,"0.0, 0.0, 0.0, 0.0"
01200100,"-50.0, 194.43488959144284, -50.0, 42.61194652836916"
01200101,"-50.0, -50.0, -50.0, 36.921319353207636"
01200110,"-50.0, 124.77292164957711, -50.0, -50.0"
01200111,"-50.0, 0.0, -50.0, -50.0"
01201000,"0.0, 0.0, 0.0, 0.0"
01201001,"0.0, 0.0, 0.0, 0.0"
01201010,"0.0, 0.0, 0.0, 0.0"
01201011,"0.0, 0.0, 0.0, 0.0"
01201100,"0.0, 0.0, 0.0, 0.0"
01201101,"0.0, 0.0, 0.0, 0.0"
01201110,"0.0, 0.0, 0.0, 0.0"
01201111,"0.0, 0.0, 0.0, 0.0"
01210000,"0.0, 0.0, 0.0, 0.0"
01210001,"0.0, 0.0, 0.0, 0.0"
01210010,"0.0, 0.0, 0.0, 0.0"
01210011,"0.0, 0.0, 0.0, 0.0"
01210100,"0.0, 0.0, 0.0, 0.0"
01210101,"0.0, 0.0, 0.0, 0.0"
01210110,"0.0, 0.0, 0.0, 0.0"
01210111,"0.0, 0.0, 0.0, 0.0"
01211000,"0.0, 0.0, 0.0, 0.0"
01211001,"0.0, 0.0, 0.0, 0.0"
01211010,"0.0, 0.0, 0.0, 0.0"
01211011,"0.0, 0.0, 0.0, 0.0"
01211100,"0.0, 0.0, 0.0, 0.0"
01211101,"0.0, 0.0, 0.0, 0.0"
01211110,"0.0, 0.0, 0.0, 0.0"
01211111,"0.0, 0.0, 0.0, 0.0"
01220000,"0.0, 0.0, 0.0, 0.0"
01220001,"-50.0, -50.0, 18.365300540336477, 60.47273310902027"
01220010,"-50.0, 106.12049102256807, -8.91532471694542, -50.0"
01220011,"0.0, 0.0, 0.0, 0.0"
01220100,"-50.0, 88.9149213179025, -50.0, -12.65722689920618"
01220101,"-87.5, -50.0, -85.72476557228836, 62.1084262388346"
01220110,"-50.0, 36.23165074055881, -50.0, -50.0"
01220111,"-87.5, -75.0, -75.0, -87.5"
01221000,"0.0, 0.0, 0.0, 0.0"
01221001,"0.0, 0.0, 0.0, 0.0"
01221010,"0.0, 0.0, 0.0, 0.0"
01221011,"0.0, 0.0, 0.0, 0.0"
01221100,"0.0, 0.0, 0.0, 0.0"
01221101,"0.0, 0.0, 0.0, 0.0"
01221110,"0.0, 0.0, 0.0, 0.0"
01221111,"0.0, 0.0, 0.0, 0.0"
02000000,"0.0, 0.0, 0.0, 0.0"
02000001,"0.0, 0.0, 0.0, 0.0"
02000010,"0.0, 0.0, 0.0, 0.0"
02000011,"0.0, 0.0, 0.0, 0.0"
02000100,"0.0, 0.0, 0.0, 0.0"
02000101,"0.0, 0.0, 0.0, 0.0"
02000110,"0.0, 0.0, 0.0, 0.0"
02000111,"0.0, 0.0, 0.0, 0.0"
02001000,"0.0, 0.0, 0.0, 0.0"
02001001,"0.0, 0.0, 0.0, 0.0"
02001010,"0.0, 0.0, 0.0, 0.0"
02001011,"0.0, 0.0, 0.0, 0.0"
02001100,"0.0, 0.0, 0.0, 0.0"
02001101,"0.0, 0.0, 0.0, 0.0"
02001110,"0.0, 0.0, 0.0, 0.0"
02001111,"0.0, 0.0, 0.0, 0.0"
02010000,"0.0, 0.0, 0.0, 0.0"
02010001,"138.25230146876493, -50.0, -50.0, 22.543062958394966"
02010010,"196.02395112500946, 31.13330666435677, -50.0, -50.0"
02010011,"0.0, 0.0, 0.0, 0.0"
02010100,"0.0, 0.0, 0.0, 0.0"
02010101,"0.0, 0.0, 0.0, 0.0"
02010110,"0.0, 0.0, 0.0, 0.0"
02010111,"0.0, 0.0, 0.0, 0.0"
02011000,"-50.0, 39.88283422161108, -50.0, -24.098923746074465"
02011001,"-84.10915464823248, -75.0, -75.0, 20.496359218493623"
02011010,"-75.0, 34.631273605549296, -87.5, -50.0"
02011011,"-75.0, -87.5, -75.0, -87.5"
02011100,"0.0, 0.0, 0.0, 0.0"
02011101,"0.0, 0.0, 0.0, 0.0"
02011110,"0.0, 0.0, 0.0, 0.0"
02011111,"0.0, 0.0, 0.0, 0.0"
02020000,"0.0, 0.0, 0.0, 0.0"
02020001,"0.0, 0.0, 0.0, 0.0"
02020010,"0.0, 0.0, 0.0, 0.0"
02020011,"0.0, 0.0, 0.0, 0.0"
02020100,"0.0, 0.0, 0.0, 0.0"
02020101,"0.0, 0.0, 0.0, 0.0"
02020110,"0.0, 0.0, 0.0, 0.0"
02020111,"0.0, 0.0, 0.0, 0.0"
02021000,"0.0, 0.0, 0.0, 0.0"
02021001,"0.0, 0.0, 0.0, 0.0"
02021010,"0.0, 0.0, 0.0, 0.0"
02021011,"0.0, 0.0, 0.0, 0.0"
02021100,"0.0, 0.0, 0.0, 0.0"
02021101,"0.0, 0.0, 0.0, 0.0"
02021110,"0.0, 0.0, 0.0, 0.0"
02021111,"0.0, 0.0, 0.0, 0.0"
02100000,"0.0, 0.0, 0.0, 0.0"
02100001,"35.19354580026119, -50.0, -50.0, 187.726264931468"
02100010,"12.165178453599525, 16.086465460701476, 0.0, -50.0"
02100011,"0.0, 0.0, 0.0, 0.0"
02100100,"0.0, 0.0, 0.0, 0.0"
02100101,"0.0, 0.0, 0.0, 0.0"
02100110,"0.0, 0.0, 0.0, 0.0"
02100111,"0.0, 0.0, 0.0, 0.0"
02101000,"-50.0, 19.196853968529062, -50.0, 224.48721421900876"
02101001,"-50.0, -50.0, -50.0, 117.22869080868195"
02101010,"-50.0, 19.689312035939388, -50.0, -70.0"
02101011,"-50.0, -50.0, -50.0, -75.0"
02101100,"0.0, 0.0, 0.0, 0.0"
02101101,"0.0, 0.0, 0.0, 0.0"
02101110,"0.0, 0.0, 0.0, 0.0"
02101111,"0.0, 0.0, 0.0, 0.0"
02110000,"0.0, 0.0, 0.0, 0.0"
02110001,"-3.9405975002680265, -50.0, -50.0, 130.99562267447507"
02110010,"-12.130742648721672, 49.91155698728864, -50.0, -50.0"
02110011,"17.848081612975584, -50.0, 0.0, -50.0"
02110100,"0.0, 0.0, 0.0, 0.0"
02110101,"0.0, 0.0, 0.0, 0.0"
02110110,"0.0, 0.0, 0.0, 0.0"
02110111,"0.0, 0.0, 0.0, 0.0"
02111000,"-50.0, -35.45385180316683, -50.0, 25.757743159493348"
02111001,"-75.0, -87.5, -75.0, 12.187559797972524"
02111010,"-73.26263982739515, -39.008018243561786, -75.0, -75.0"
02111011,"-99.951171875, -99.951171875, -99.90234375, -99.90234375"
02111100,"0.0, 0.0, 0.0, 0.0"
02111101,"0.0, 0.0, 0.0, 0.0"
02111110,"0.0, 0.0, 0.0, 0.0"
02111111,"0.0, 0.0, 0.0, 0.0"
02120000,"0.0, 0.0, 0.0, 0.0"
02120001,"0.0, 0.0, 0.0, 0.0"
02120010,"0.0, 0.0, 0.0, 0.0"
02120011,"0.0, 0.0, 0.0, 0.0"
02120100,"0.0, 0.0, 0.0, 0.0"
02120101,"0.0, 0.0, 0.0, 0.0"
02120110,"0.0, 0.0, 0.0, 0.0"
02120111,"0.0, 0.0, 0.0, 0.0"
02121000,"0.0, 0.0, 0.0, 0.0"
02121001,"0.0, 0.0, 0.0, 0.0"
02121010,"0.0, 0.0, 0.0, 0.0"
02121011,"0.0, 0.0, 0.0, 0.0"
02121100,"0.0, 0.0, 0.0, 0.0"
02121101,"0.0, 0.0, 0.0, 0.0"
02121110,"0.0, 0.0, 0.0, 0.0"
02121111,"0.0, 0.0, 0.0, 0.0"
02200000,"0.0, 0.0, 0.0, 0.0"
02200001,"23.625798642386272, -50.0, -50.0, 19.45424839299227"
02200010,"39.71409888661268, 199.31748510635268, -50.0, -50.0"
02200011,"0.0, 0.0, 0.0, 0.0"
02200100,"0.0, 0.0, 0.0, 0.0"
02200101,"0.0, 0.0, 0.0, 0.0"
02200110,"0.0, 0.0, 0.0, 0.0"
02200111,"0.0, 0.0, 0.0, 0.0"
02201000,"-50.0, 187.19296266618318, -50.0, -9.449778858165647"
02201001,"0.0, 0.0, 0.0, 18.71508221602772"
02201010,"-50.0, 136.89908664757763, -50.0, -50.0"
02201011,"-50.0, -50.0, -75.0, -75.0"
02201100,"0.0, 0.0, 0.0, 0.0"
02201101,"0.0, 0.0, 0.0, 0.0"
02201110,"0.0, 0.0, 0.0, 0.0"
02201111,"0.0, 0.0, 0.0, 0.0"
02210000,"0.0, 0.0, 0.0, 0.0"
02210001,"-24.291267714986695, -50.0, -50.0, 37.86466513743495"
02210010,"105.94892210381639, 30.27945016243551, -50.0, -50.0"
02210011,"-36.12178396028639, -50.0, -50.0, -50.0"
02210100,"0.0, 0.0, 0.0, 0.0"
02210101,"0.0, 0.0, 0.0, 0.0"
02210110,"0.0, 0.0, 0.0, 0.0"
02210111,"0.0, 0.0, 0.0, 0.0"
02211000,"-50.0, 52.84251119224167, -50.0, -19.53404503090571"
02211001,"-87.5, -75.0, -87.5, 9.884856825530123"
02211010,"-87.5, 64.74857460372522, -75.0, -50.0"
02211011,"-99.94140625, -99.90234375, -99.90234375, -99.81548586226127"
02211100,"0.0, 0.0, 0.0, 0.0"
02211101,"0.0, 0.0, 0.0, 0.0"
02211110,"0.0, 0.0, 0.0, 0.0"
02211111,"0.0, 0.0, 0.0, 0.0"
02220000,"0.0, 0.0, 0.0, 0.0"
02220001,"0.0, 0.0, 0.0, 0.0"
02220010,"0.0, 0.0, 0.0, 0.0"
02220011,"0.0, 0.0, 0.0, 0.0"
02220100,"0.0, 0.0, 0.0, 0.0"
02220101,"0.0, 0.0, 0.0, 0.0"
02220110,"0.0, 0.0, 0.0, 0.0"
02220111,"0.0, 0.0, 0.0, 0.0"
02221000,"0.0, 0.0, 0.0, 0.0"
02221001,"0.0, 0.0, 0.0, 0.0"
02221010,"0.0, 0.0, 0.0, 0.0"
02221011,"0.0, 0.0, 0.0, 0.0"
02221100,"0.0, 0.0, 0.0, 0.0"
02221101,"0.0, 0.0, 0.0, 0.0"
02221110,"0.0, 0.0, 0.0, 0.0"
02221111,"0.0, 0.0, 0.0, 0.0"
10000000,"0.0, 0.0, 0.0, 0.0"
10000001,"0.0, 0.0, 0.0, 0.0"
10000010,"0.0, 0.0, 0.0, 0.0"
10000011,"0.0, 0.0, 0.0, 0.0"
10000100,"0.0, 0.0, 0.0, 0.0"
10000101,"0.0, 0.0, 0.0, 0.0"
10000110,"0.0, 0.0, 0.0, 0.0"
10000111,"0.0, 0.0, 0.0, 0.0"
10001000,"0.0, 0.0, 0.0, 0.0"
10001001,"0.0, 0.0, 0.0, 0.0"
10001010,"0.0, 0.0, 0.0, 0.0"
10001011,"0.0, 0.0, 0.0, 0.0"
10001100,"0.0, 0.0, 0.0, 0.0"
10001101,"0.0, 0.0, 0.0, 0.0"
10001110,"0.0, 0.0, 0.0, 0.0"
10001111,"0.0, 0.0, 0.0, 0.0"
10010000,"0.0, 0.0, 0.0, 0.0"
10010001,"188.14031220050248, -50.0, 14.413259255223222, -50.0"
10010010,"0.0, 0.0, 0.0, 0.0"
10010011,"0.0, 0.0, 0.0, 0.0"
10010100,"228.36024150972776, 34.99408295654849, -96.875, -93.75"
10010101,"149.75617919928777, -98.4375, -69.27711823169778, -98.4375"
10010110,"0.0, 0.0, 0.0, 0.0"
10010111,"0.0, 0.0, 0.0, 0.0"
10011000,"-50.0, 14.755801985845443, 8.859361964364393, -50.0"
10011001,"-50.0, 0.0, 19.567103123134864, -50.0"
10011010,"0.0, 0.0, 0.0, 0.0"
10011011,"0.0, 0.0, 0.0, 0.0"
10011100,"0.0, 23.862900025947784, -50.0, 0.0"
10011101,"-50.0, -50.0, -50.0, -50.0"
10011110,"0.0, 0.0, 0.0, 0.0"
10011111,"0.0, 0.0, 0.0, 0.0"
10020000,"0.0, 0.0, 0.0, 0.0"
10020001,"8.296803147752602, -50.0, 188.56826666623328, -50.0"
10020010,"0.0, 0.0, 0.0, 0.0"
10020011,"0.0, 0.0, 0.0, 0.0"
10020100,"14.38810940338589, 17.872488911048585, -50.0, -50.0"
10020101,"34.12721977373244, -50.0, -75.0, -50.0"
10020110,"0.0, 0.0, 0.0, 0.0"
10020111,"0.0, 0.0, 0.0, 0.0"
10021000,"-50.0, 84.79598225845803, 199.1494090143267, -50.0"
10021001,"-50.0, -50.0, 196.24585161546128, -50.0"
10021010,"0.0, 0.0, 0.0, 0.0"
10021011,"0.0, 0.0, 0.0, 0.0"
10021100,"0.0, 0.0, 0.0, 0.0"
10021101,"-75.0, -50.0, -75.0, -75.0"
10021110,"0.0, 0.0, 0.0, 0.0"
10021111,"0.0, 0.0, 0.0, 0.0"
10100000,"0.0, 0.0, 0.0, 0.0"
10100001,"0.0, 0.0, 0.0, 0.0"
10100010,"0.0, 0.0, 0.0, 0.0"
10100011,"0.0, 0.0, 0.0, 0.0"
10100100,"0.0, 0.0, 0.0, 0.0"
10100101,"0.0, 0.0, 0.0, 0.0"
10100110,"0.0, 0.0, 0.0, 0.0"
10100111,"0.0, 0.0, 0.0, 0.0"
10101000,"0.0, 0.0, 0.0, 0.0"
10101001,"0.0, 0.0, 0.0, 0.0"
10101010,"0.0, 0.0, 0.0, 0.0"
10101011,"0.0, 0.0, 0.0, 0.0"
10101100,"0.0, 0.0, 0.0, 0.0"
10101101,"0.0, 0.0, 0.0, 0.0"
10101110,"0.0, 0.0, 0.0, 0.0"
10101111,"0.0, 0.0, 0.0, 0.0"
10110000,"0.0, 0.0, 0.0, 0.0"
10110001,"0.0, 0.0, 0.0, 0.0"
10110010,"0.0, 0.0, 0.0, 0.0"
10110011,"0.0, 0.0, 0.0, 0.0"
10110100,"0.0, 0.0, 0.0, 0.0"
10110101,"0.0, 0.0, 0.0, 0.0"
10110110,"0.0, 0.0, 0.0, 0.0"
10110111,"0.0, 0.0, 0.0, 0.0"
10111000,"0.0, 0.0, 0.0, 0.0"
10111001,"0.0, 0.0, 0.0, 0.0"
10111010,"0.0, 0.0, 0.0, 0.0"
10111011,"0.0, 0.0, 0.0, 0.0"
10111100,"0.0, 0.0, 0.0, 0.0"
10111101,"0.0, 0.0, 0.0, 0.0"
10111110,"0.0, 0.0, 0.0, 0.0"
10111111,"0.0, 0.0, 0.0, 0.0"
10120000,"0.0, 0.0, 0.0, 0.0"
10120001,"0.0, 0.0, 0.0, 0.0"
10120010,"0.0, 0.0, 0.0, 0.0"
10120011,"0.0, 0.0, 0.0, 0.0"
10120100,"0.0, 0.0, 0.0, 0.0"
10120101,"0.0, 0.0, 0.0, 0.0"
10120110,"0.0, 0.0, 0.0, 0.0"
10120111,"0.0, 0.0, 0.0, 0.0"
10121000,"0.0, 0.0, 0.0, 0.0"
10121001,"0.0, 0.0, 0.0, 0.0"
10121010,"0.0, 0.0, 0.0, 0.0"
10121011,"0.0, 0.0, 0.0, 0.0"
10121100,"0.0, 0.0, 0.0, 0.0"
10121101,"0.0, 0.0, 0.0, 0.0"
10121110,"0.0, 0.0, 0.0, 0.0"
10121111,"0.0, 0.0, 0.0, 0.0"
10200000,"0.0, 0.0, 0.0, 0.0"
10200001,"3.1892853150783864, 0.0, 55.716028433885775, -50.0"
10200010,"0.0, 0.0, 0.0, 0.0"
10200011,"0.0, 0.0, 0.0, 0.0"
10200100,"28.10123143576089, 203.23795026832923, -50.0, -50.0"
10200101,"-0.47831911242368363, -83.86115445441885, -50.0, -75.0"
10200110,"0.0, 0.0, 0.0, 0.0"
10200111,"0.0, 0.0, 0.0, 0.0"
10201000,"-50.0, 146.16359637528856, 48.30914953457359, -50.0"
10201001,"-50.0, -50.0, 82.73279801176466, -50.0"
10201010,"0.0, 0.0, 0.0, 0.0"
10201011,"0.0, 0.0, 0.0, 0.0"
10201100,"-41.45652295278941, 0.0, 0.0, 0.0"
10201101,"-87.5, -87.5, -75.0, -75.0"
10201110,"0.0, 0.0, 0.0, 0.0"
10201111,"0.0, 0.0, 0.0, 0.0"
10210000,"0.0, 0.0, 0.0, 0.0"
10210001,"-6.5074586572876, -96.875, 73.00609884719574, -99.609375"
10210010,"0.0, 0.0, 0.0, 0.0"
10210011,"0.0, 0.0, 0.0, 0.0"
10210100,"38.90543888394501, 85.50862853074244, -50.0, -96.875"
10210101,"4.0996982605289745, -97.9620486556197, -96.875, -96.875"
10210110,"0.0, 0.0, 0.0, 0.0"
10210111,"0.0, 0.0, 0.0, 0.0"
10211000,"-50.0, 66.30215429192728, 53.98634300352249, -50.0"
10211001,"-75.0, -75.0, 86.21701773288262, -87.5"
10211010,"0.0, 0.0, 0.0, 0.0"
10211011,"0.0, 0.0, 0.0, 0.0"
10211100,"-50.0, -26.785187795229042, -50.0, -50.0"
10211101,"-99.21875, -99.21875, -99.21875, -99.609375"
10211110,"0.0, 0.0, 0.0, 0.0"
10211111,"0.0, 0.0, 0.0, 0.0"
10220000,"0.0, 0.0, 0.0, 0.0"
10220001,"-12.393244985034947, -50.0, 75.13943723432965, -50.0"
10220010,"0.0, 0.0, 0.0, 0.0"
10220011,"0.0, 0.0, 0.0, 0.0"
10220100,"1.1227359913616226, 44.232310761103946, -50.0, -50.0"
10220101,"21.11439722187838, -98.4375, -85.9375, -93.75"
10220110,"0.0, 0.0, 0.0, 0.0"
10220111,"0.0, 0.0, 0.0, 0.0"
10221000,"-50.0, -8.515636358519783, 84.65612022254092, -50.0"
10221001,"-50.0, -50.0, 125.81119384203701, -50.0"
10221010,"0.0, 0.0, 0.0, 0.0"
10221011,"0.0, 0.0, 0.0, 0.0"
10221100,"-50.0, -7.6794816384419935, -32.777193294263284, 0.0"
10221101,"-96.875, -98.4375, -96.875, -98.4375"
10221110,"0.0, 0.0, 0.0, 0.0"
10221111,"0.0, 0.0, 0.0, 0.0"
11000000,"0.0, 0.0, 0.0, 0.0"
11000001,"0.0, 0.0, 0.0, 0.0"
11000010,"0.0, 0.0, 0.0, 0.0"
11000011,"0.0, 0.0, 0.0, 0.0"
11000100,"0.0, 0.0, 0.0, 0.0"
11000101,"0.0, 0.0, 0.0, 0.0"
11000110,"0.0, 0.0, 0.0, 0.0"
11000111,"0.0, 0.0, 0.0, 0.0"
11001000,"0.0, 0.0, 0.0, 0.0"
11001001,"0.0, 0.0, 0.0, 0.0"
11001010,"0.0, 0.0, 0.0, 0.0"
11001011,"0.0, 0.0, 0.0, 0.0"
11001100,"0.0, 0.0, 0.0, 0.0"
11001101,"0.0, 0.0, 0.0, 0.0"
11001110,"0.0, 0.0, 0.0, 0.0"
11001111,"0.0, 0.0, 0.0, 0.0"
11010000,"0.0, 0.0, 0.0, 0.0"
11010001,"0.0, 0.0, 0.0, 0.0"
11010010,"0.0, 0.0, 0.0, 0.0"
11010011,"0.0, 0.0, 0.0, 0.0"
11010100,"0.0, 0.0, 0.0, 0.0"
11010101,"0.0, 0.0, 0.0, 0.0"
11010110,"0.0, 0.0, 0.0, 0.0"
11010111,"0.0, 0.0, 0.0, 0.0"
11011000,"0.0, 0.0, 0.0, 0.0"
11011001,"0.0, 0.0, 0.0, 0.0"
11011010,"0.0, 0.0, 0.0, 0.0"
11011011,"0.0, 0.0, 0.0, 0.0"
11011100,"0.0, 0.0, 0.0, 0.0"
11011101,"0.0, 0.0, 0.0, 0.0"
11011110,"0.0, 0.0, 0.0, 0.0"
11011111,"0.0, 0.0, 0.0, 0.0"
11020000,"0.0, 0.0, 0.0, 0.0"
11020001,"-50.0, -50.0, 165.52776477339043, -50.0"
11020010,"0.0, 0.0, 0.0, 0.0"
11020011,"0.0, 0.0, 0.0, 0.0"
11020100,"-50.0, -13.378733427538203, -50.0, -50.0"
11020101,"-87.5, -94.375, -87.5, -87.5"
11020110,"0.0, 0.0, 0.0, 0.0"
11020111,"0.0, 0.0, 0.0, 0.0"
11021000,"0.0, 0.0, 0.0, 0.0"
11021001,"0.0, 0.0, 0.0, 0.0"
11021010,"0.0, 0.0, 0.0, 0.0"
11021011,"0.0, 0.0, 0.0, 0.0"
11021100,"0.0, 0.0, 0.0, 0.0"
11021101,"0.0, 0.0, 0.0, 0.0"
11021110,"0.0, 0.0, 0.0, 0.0"
11021111,"0.0, 0.0, 0.0, 0.0"
11100000,"0.0, 0.0, 0.0, 0.0"
11100001,"0.0, 0.0, 0.0, 0.0"
11100010,"0.0, 0.0, 0.0, 0.0"
11100011,"0.0, 0.0, 0.0, 0.0"
11100100,"0.0, 0.0, 0.0, 0.0"
11100101,"0.0, 0.0, 0.0, 0.0"
11100110,"0.0, 0.0, 0.0, 0.0"
11100111,"0.0, 0.0, 0.0, 0.0"
11101000,"0.0, 0.0, 0.0, 0.0"
11101001,"0.0, 0.0, 0.0, 0.0"
11101010,"0.0, 0.0, 0.0, 0.0"
11101011,"0.0, 0.0, 0.0, 0.0"
11101100,"0.0, 0.0, 0.0, 0.0"
11101101,"0.0, 0.0, 0.0, 0.0"
11101110,"0.0, 0.0, 0.0, 0.0"
11101111,"0.0, 0.0, 0.0, 0.0"
11110000,"0.0, 0.0, 0.0, 0.0"
11110001,"0.0, 0.0, 0.0, 0.0"
11110010,"0.0, 0.0, 0.0, 0.0"
11110011,"0.0, 0.0, 0.0, 0.0"
11110100,"0.0, 0.0, 0.0, 0.0"
11110101,"0.0, 0.0, 0.0, 0.0"
11110110,"0.0, 0.0, 0.0, 0.0"
11110111,"0.0, 0.0, 0.0, 0.0"
11111000,"0.0, 0.0, 0.0, 0.0"
11111001,"0.0, 0.0, 0.0, 0.0"
11111010,"0.0, 0.0, 0.0, 0.0"
11111011,"0.0, 0.0, 0.0, 0.0"
11111100,"0.0, 0.0, 0.0, 0.0"
11111101,"0.0, 0.0, 0.0, 0.0"
11111110,"0.0, 0.0, 0.0, 0.0"
11111111,"0.0, 0.0, 0.0, 0.0"
11120000,"0.0, 0.0, 0.0, 0.0"
11120001,"0.0, 0.0, 0.0, 0.0"
11120010,"0.0, 0.0, 0.0, 0.0"
11120011,"0.0, 0.0, 0.0, 0.0"
11120100,"0.0, 0.0, 0.0, 0.0"
11120101,"0.0, 0.0, 0.0, 0.0"
11120110,"0.0, 0.0, 0.0, 0.0"
11120111,"0.0, 0.0, 0.0, 0.0"
11121000,"0.0, 0.0, 0.0, 0.0"
11121001,"0.0, 0.0, 0.0, 0.0"
11121010,"0.0, 0.0, 0.0, 0.0"
11121011,"0.0, 0.0, 0.0, 0.0"
11121100,"0.0, 0.0, 0.0, 0.0"
11121101,"0.0, 0.0, 0.0, 0.0"
11121110,"0.0, 0.0, 0.0, 0.0"
11121111,"0.0, 0.0, 0.0, 0.0"
11200000,"0.0, 0.0, 0.0, 0.0"
11200001,"-50.0, -50.0, 32.39091561642834, -50.0"
11200010,"0.0, 0.0, 0.0, 0.0"
11200011,"0.0, 0.0, 0.0, 0.0"
11200100,"-50.0, 172.0430329178135, -50.0, -50.0"
11200101,"-50.0, -50.0, -50.0, -70.0"
11200110,"0.0, 0.0, 0.0, 0.0"
11200111,"0.0, 0.0, 0.0, 0.0"
11201000,"0.0, 0.0, 0.0, 0.0"
11201001,"0.0, 0.0, 0.0, 0.0"
11201010,"0.0, 0.0, 0.0, 0.0"
11201011,"0.0, 0.0, 0.0, 0.0"
11201100,"0.0, 0.0, 0.0, 0.0"
11201101,"0.0, 0.0, 0.0, 0.0"
11201110,"0.0, 0.0, 0.0, 0.0"
11201111,"0.0, 0.0, 0.0, 0.0"
11210000,"0.0, 0.0, 0.0, 0.0"
11210001,"0.0, 0.0, 0.0, 0.0"
11210010,"0.0, 0.0, 0.0, 0.0"
11210011,"0.0, 0.0, 0.0, 0.0"
11210100,"0.0, 0.0, 0.0, 0.0"
11210101,"0.0, 0.0, 0.0, 0.0"
11210110,"0.0, 0.0, 0.0, 0.0"
11210111,"0.0, 0.0, 0.0, 0.0"
11211000,"0.0, 0.0, 0.0, 0.0"
11211001,"0.0, 0.0, 0.0, 0.0"
11211010,"0.0, 0.0, 0.0, 0.0"
11211011,"0.0, 0.0, 0.0, 0.0"
11211100,"0.0, 0.0, 0.0, 0.0"
11211101,"0.0, 0.0, 0.0, 0.0"
11211110,"0.0, 0.0, 0.0, 0.0"
11211111,"0.0, 0.0, 0.0, 0.0"
11220000,"0.0, 0.0, 0.0, 0.0"
11220001,"-50.0, -50.0, 75.45164329594542, -50.0"
11220010,"0.0, 0.0, 0.0, 0.0"
11220011,"0.0, 0.0, 0.0, 0.0"
11220100,"-50.0, 10.492416000651259, -50.0, -85.0"
11220101,"-99.21875, -99.765625, -87.97860458440194, -99.21875"
11220110,"0.0, 0.0, 0.0, 0.0"
11220111,"0.0, 0.0, 0.0, 0.0"
11221000,"0.0, 0.0, 0.0, 0.0"
11221001,"0.0, 0.0, 0.0, 0.0"
11221010,"0.0, 0.0, 0.0, 0.0"
11221011,"0.0, 0.0, 0.0, 0.0"
11221100,"0.0, 0.0, 0.0, 0.0"
11221101,"0.0, 0.0, 0.0, 0.0"
11221110,"0.0, 0.0, 0.0, 0.0"
11221111,"0.0, 0.0, 0.0, 0.0"
12000000,"0.0, 0.0, 0.0, 0.0"
12000001,"0.0, 0.0, 0.0, 0.0"
12000010,"0.0, 0.0, 0.0, 0.0"
12000011,"0.0, 0.0, 0.0, 0.0"
12000100,"0.0, 0.0, 0.0, 0.0"
12000101,"0.0, 0.0, 0.0, 0.0"
12000110,"0.0, 0.0, 0.0, 0.0"
12000111,"0.0, 0.0, 0.0, 0.0"
12001000,"0.0, 0.0, 0.0, 0.0"
12001001,"0.0, 0.0, 0.0, 0.0"
12001010,"0.0, 0.0, 0.0, 0.0"
12001011,"0.0, 0.0, 0.0, 0.0"
12001100,"0.0, 0.0, 0.0, 0.0"
12001101,"0.0, 0.0, 0.0, 0.0"
12001110,"0.0, 0.0, 0.0, 0.0"
12001111,"0.0, 0.0, 0.0, 0.0"
12010000,"0.0, 0.0, 0.0, 0.0"
12010001,"180.07862608810177, -93.75, -99.8046875, -99.8046875"
12010010,"0.0, 0.0, 0.0, 0.0"
12010011,"0.0, 0.0, 0.0, 0.0"
12010100,"0.0, 0.0, 0.0, 0.0"
12010101,"0.0, 0.0, 0.0, 0.0"
12010110,"0.0, 0.0, 0.0, 0.0"
12010111,"0.0, 0.0, 0.0, 0.0"
12011000,"0.0, 34.52814592891681, 0.0, -50.0"
12011001,"-75.0, -87.5, -75.0, -75.0"
12011010,"0.0, 0.0, 0.0, 0.0"
12011011,"0.0, 0.0, 0.0, 0.0"
12011100,"0.0, 0.0, 0.0, 0.0"
12011101,"0.0, 0.0, 0.0, 0.0"
12011110,"0.0, 0.0, 0.0, 0.0"
12011111,"0.0, 0.0, 0.0, 0.0"
12020000,"0.0, 0.0, 0.0, 0.0"
12020001,"0.0, 0.0, 0.0, 0.0"
12020010,"0.0, 0.0, 0.0, 0.0"
12020011,"0.0, 0.0, 0.0, 0.0"
12020100,"0.0, 0.0, 0.0, 0.0"
12020101,"0.0, 0.0, 0.0, 0.0"
12020110,"0.0, 0.0, 0.0, 0.0"
12020111,"0.0, 0.0, 0.0, 0.0"
12021000,"0.0, 0.0, 0.0, 0.0"
12021001,"0.0, 0.0, 0.0, 0.0"
12021010,"0.0, 0.0, 0.0, 0.0"
12021011,"0.0, 0.0, 0.0, 0.0"
12021100,"0.0, 0.0, 0.0, 0.0"
12021101,"0.0, 0.0, 0.0, 0.0"
12021110,"0.0, 0.0, 0.0, 0.0"
12021111,"0.0, 0.0, 0.0, 0.0"
12100000,"0.0, 0.0, 0.0, 0.0"
12100001,"0.0, 0.0, 0.0, 0.0"
12100010,"0.0, 0.0, 0.0, 0.0"
12100011,"0.0, 0.0, 0.0, 0.0"
12100100,"0.0, 0.0, 0.0, 0.0"
12100101,"0.0, 0.0, 0.0, 0.0"
12100110,"0.0, 0.0, 0.0, 0.0"
12100111,"0.0, 0.0, 0.0, 0.0"
12101000,"0.0, 0.0, 0.0, 0.0"
12101001,"0.0, 0.0, 0.0, 0.0"
12101010,"0.0, 0.0, 0.0, 0.0"
12101011,"0.0, 0.0, 0.0, 0.0"
12101100,"0.0, 0.0, 0.0, 0.0"
12101101,"0.0, 0.0, 0.0, 0.0"
12101110,"0.0, 0.0, 0.0, 0.0"
12101111,"0.0, 0.0, 0.0, 0.0"
12110000,"0.0, 0.0, 0.0, 0.0"
12110001,"0.0, 0.0, 0.0, 0.0"
12110010,"0.0, 0.0, 0.0, 0.0"
12110011,"0.0, 0.0, 0.0, 0.0"
12110100,"0.0, 0.0, 0.0, 0.0"
12110101,"0.0, 0.0, 0.0, 0.0"
12110110,"0.0, 0.0, 0.0, 0.0"
12110111,"0.0, 0.0, 0.0, 0.0"
12111000,"0.0, 0.0, 0.0, 0.0"
12111001,"0.0, 0.0, 0.0, 0.0"
12111010,"0.0, 0.0, 0.0, 0.0"
12111011,"0.0, 0.0, 0.0, 0.0"
12111100,"0.0, 0.0, 0.0, 0.0"
12111101,"0.0, 0.0, 0.0, 0.0"
12111110,"0.0, 0.0, 0.0, 0.0"
12111111,"0.0, 0.0, 0.0, 0.0"
12120000,"0.0, 0.0, 0.0, 0.0"
12120001,"0.0, 0.0, 0.0, 0.0"
12120010,"0.0, 0.0, 0.0, 0.0"
12120011,"0.0, 0.0, 0.0, 0.0"
12120100,"0.0, 0.0, 0.0, 0.0"
12120101,"0.0, 0.0, 0.0, 0.0"
12120110,"0.0, 0.0, 0.0, 0.0"
12120111,"0.0, 0.0, 0.0, 0.0"
12121000,"0.0, 0.0, 0.0, 0.0"
12121001,"0.0, 0.0, 0.0, 0.0"
12121010,"0.0, 0.0, 0.0, 0.0"
12121011,"0.0, 0.0, 0.0, 0.0"
12121100,"0.0, 0.0, 0.0, 0.0"
12121101,"0.0, 0.0, 0.0, 0.0"
12121110,"0.0, 0.0, 0.0, 0.0"
12121111,"0.0, 0.0, 0.0, 0.0"
12200000,"0.0, 0.0, 0.0, 0.0"
12200001,"76.7275651555713, 0.0, 0.0, 0.0"
12200010,"0.0, 0.0, 0.0, 0.0"
12200011,"0.0, 0.0, 0.0, 0.0"
12200100,"0.0, 0.0, 0.0, 0.0"
12200101,"0.0, 0.0, 0.0, 0.0"
12200110,"0.0, 0.0, 0.0, 0.0"
12200111,"0.0, 0.0, 0.0, 0.0"
12201000,"-50.0, 161.4693745580841, -50.0, -50.0"
12201001,"-66.00376722208074, -75.0, -75.0, -50.0"
12201010,"0.0, 0.0, 0.0, 0.0"
12201011,"0.0, 0.0, 0.0, 0.0"
12201100,"0.0, 0.0, 0.0, 0.0"
12201101,"0.0, 0.0, 0.0, 0.0"
12201110,"0.0, 0.0, 0.0, 0.0"
12201111,"0.0, 0.0, 0.0, 0.0"
12210000,"0.0, 0.0, 0.0, 0.0"
12210001,"82.53105516726681, -99.8046875, -96.875, -99.609375"
12210010,"0.0, 0.0, 0.0, 0.0"
12210011,"0.0, 0.0, 0.0, 0.0"
12210100,"0.0, 0.0, 0.0, 0.0"
12210101,"0.0, 0.0, 0.0, 0.0"
12210110,"0.0, 0.0, 0.0, 0.0"
12210111,"0.0, 0.0, 0.0, 0.0"
12211000,"-50.0, 72.01096512895461, -50.0, -50.0"
12211001,"-99.9922491449361, -99.98907809106842, -99.993896484375, -99.99267578125"
12211010,"0.0, 0.0, 0.0, 0.0"
12211011,"0.0, 0.0, 0.0, 0.0"
12211100,"0.0, 0.0, 0.0, 0.0"
12211101,"0.0, 0.0, 0.0, 0.0"
12211110,"0.0, 0.0, 0.0, 0.0"
12211111,"0.0, 0.0, 0.0, 0.0"
12220000,"0.0, 0.0, 0.0, 0.0"
12220001,"0.0, 0.0, 0.0, 0.0"
12220010,"0.0, 0.0, 0.0, 0.0"
12220011,"0.0, 0.0, 0.0, 0.0"
12220100,"0.0, 0.0, 0.0, 0.0"
12220101,"0.0, 0.0, 0.0, 0.0"
12220110,"0.0, 0.0, 0.0, 0.0"
12220111,"0.0, 0.0, 0.0, 0.0"
12221000,"0.0, 0.0, 0.0, 0.0"
12221001,"0.0, 0.0, 0.0, 0.0"
12221010,"0.0, 0.0, 0.0, 0.0"
12221011,"0.0, 0.0, 0.0, 0.0"
12221100,"0.0, 0.0, 0.0, 0.0"
12221101,"0.0, 0.0, 0.0, 0.0"
12221110,"0.0, 0.0, 0.0, 0.0"
12221111,"0.0, 0.0, 0.0, 0.0"
20000000,"0.0, 0.0, 0.0, 0.0"
20000001,"0.0, 0.0, 0.0, 0.0"
20000010,"0.0, 0.0, 0.0, 0.0"
20000011,"0.0, 0.0, 0.0, 0.0"
20000100,"0.0, 0.0, 0.0, 0.0"
20000101,"0.0, 0.0, 0.0, 0.0"
20000110,"0.0, 0.0, 0.0, 0.0"
20000111,"0.0, 0.0, 0.0, 0.0"
20001000,"0.0, 0.0, 0.0, 0.0"
20001001,"0.0, 0.0, 0.0, 0.0"
20001010,"0.0, 0.0, 0.0, 0.0"
20001011,"0.0, 0.0, 0.0, 0.0"
20001100,"0.0, 0.0, 0.0, 0.0"
20001101,"0.0, 0.0, 0.0, 0.0"
20001110,"0.0, 0.0, 0.0, 0.0"
20001111,"0.0, 0.0, 0.0, 0.0"
20010000,"0.0, 0.0, 0.0, 0.0"
20010001,"0.0, 0.0, 0.0, 0.0"
20010010,"179.24583180373867, -88.75, -2.9545474449852396, -88.75"
20010011,"0.0, 0.0, 0.0, 0.0"
20010100,"184.51050898824872, -50.0, -50.0, 37.796706818675894"
20010101,"0.0, 0.0, 0.0, 0.0"
20010110,"141.07589203329763, -87.5, -87.5, -78.1772369908623"
20010111,"0.0, 0.0, 0.0, 0.0"
20011000,"-50.0, -50.0, 2.9876476694350202, -3.283681977663555"
20011001,"0.0, 0.0, 0.0, 0.0"
20011010,"-50.0, -50.0, 23.402277620856886, -50.0"
20011011,"0.0, 0.0, 0.0, 0.0"
20011100,"0.0, 0.0, 0.0, 0.0"
20011101,"0.0, 0.0, 0.0, 0.0"
20011110,"-50.0, 0.0, -50.0, -50.0"
20011111,"0.0, 0.0, 0.0, 0.0"
20020000,"0.0, 0.0, 0.0, 0.0"
20020001,"0.0, 0.0, 0.0, 0.0"
20020010,"33.43009708910134, -50.0, -7.2580300927449315, -50.0"
20020011,"0.0, 0.0, 0.0, 0.0"
20020100,"5.158698917772268, -50.0, -50.0, 48.48516758972413"
20020101,"0.0, 0.0, 0.0, 0.0"
20020110,"9.951748162563801, -87.5, -50.0, -48.42963721488646"
20020111,"0.0, 0.0, 0.0, 0.0"
20021000,"-50.0, -50.0, 307.62436242398405, 21.43895102835224"
20021001,"0.0, 0.0, 0.0, 0.0"
20021010,"-50.0, -50.0, 195.89146599712566, -50.0"
20021011,"0.0, 0.0, 0.0, 0.0"
20021100,"-50.0, -50.0, 0.0, 0.0"
20021101,"0.0, 0.0, 0.0, 0.0"
20021110,"-50.0, -50.0, -47.387181220023386, -50.0"
20021111,"0.0, 0.0, 0.0, 0.0"
20100000,"0.0, 0.0, 0.0, 0.0"
20100001,"0.0, 0.0, 0.0, 0.0"
20100010,"39.360576557738156, -93.75, -43.14632295449769, -75.0"
20100011,"0.0, 0.0, 0.0, 0.0"
20100100,"13.110920440232796, -50.0, -50.0, 174.50380082455817"
20100101,"0.0, 0.0, 0.0, 0.0"
20100110,"40.589999967749705, -50.0, -93.75, -93.7542693272151"
20100111,"0.0, 0.0, 0.0, 0.0"
20101000,"-50.0, -50.0, -1.793026688848407, 149.52792882637033"
20101001,"0.0, 0.0, 0.0, 0.0"
20101010,"-50.0, -50.0, 45.85954069348024, -50.0"
20101011,"0.0, 0.0, 0.0, 0.0"
20101100,"-50.0, 0.0, -50.0, 0.0"
20101101,"0.0, 0.0, 0.0, 0.0"
20101110,"-50.0, -50.0, -85.0, -50.0"
20101111,"0.0, 0.0, 0.0, 0.0"
20110000,"0.0, 0.0, 0.0, 0.0"
20110001,"0.0, 0.0, 0.0, 0.0"
20110010,"49.87887528001582, -99.8828125, -9.618161658380352, -99.90234375"
20110011,"0.0, 0.0, 0.0, 0.0"
20110100,"65.16316383068138, -96.875, -75.0, 77.19510143894608"
20110101,"0.0, 0.0, 0.0, 0.0"
20110110,"-2.8951767857735646, -99.9755859375, -99.99847412109375, -99.609375"
20110111,"0.0, 0.0, 0.0, 0.0"
20111000,"-50.0, -50.0, -10.654160477054987, 83.24049340614525"
20111001,"0.0, 0.0, 0.0, 0.0"
20111010,"-75.0, -87.5, -35.49888622067056, -75.0"
20111011,"0.0, 0.0, 0.0, 0.0"
20111100,"-50.0, -75.0, -77.5, -59.2821852345143"
20111101,"0.0, 0.0, 0.0, 0.0"
20111110,"-99.951171875, -99.951171875, -99.9755859375, -99.9755859375"
20111111,"0.0, 0.0, 0.0, 0.0"
20120000,"0.0, 0.0, 0.0, 0.0"
20120001,"0.0, 0.0, 0.0, 0.0"
20120010,"35.0993926895421, -87.5, -22.054687694096263, -87.5"
20120011,"0.0, 0.0, 0.0, 0.0"
20120100,"24.9412326969225, -50.0, -50.0, 87.45294840891566"
20120101,"0.0, 0.0, 0.0, 0.0"
20120110,"-14.837254600292546, -98.4375, -99.8828125, -99.20420403260127"
20120111,"0.0, 0.0, 0.0, 0.0"
20121000,"-50.0, -50.0, 31.49922357744758, 65.13032816746667"
20121001,"0.0, 0.0, 0.0, 0.0"
20121010,"-50.0, -50.0, 75.79624577471216, -85.0"
20121011,"0.0, 0.0, 0.0, 0.0"
20121100,"0.0, -50.0, -50.0, -44.761076952404"
20121101,"0.0, 0.0, 0.0, 0.0"
20121110,"-99.94140625, -99.951171875, -99.951171875, -99.951171875"
20121111,"0.0, 0.0, 0.0, 0.0"
20200000,"0.0, 0.0, 0.0, 0.0"
20200001,"0.0, 0.0, 0.0, 0.0"
20200010,"0.0, 0.0, 0.0, 0.0"
20200011,"0.0, 0.0, 0.0, 0.0"
20200100,"0.0, 0.0, 0.0, 0.0"
20200101,"0.0, 0.0, 0.0, 0.0"
20200110,"0.0, 0.0, 0.0, 0.0"
20200111,"0.0, 0.0, 0.0, 0.0"
20201000,"0.0, 0.0, 0.0, 0.0"
20201001,"0.0, 0.0, 0.0, 0.0"
20201010,"0.0, 0.0, 0.0, 0.0"
20201011,"0.0, 0.0, 0.0, 0.0"
20201100,"0.0, 0.0, 0.0, 0.0"
20201101,"0.0, 0.0, 0.0, 0.0"
20201110,"0.0, 0.0, 0.0, 0.0"
20201111,"0.0, 0.0, 0.0, 0.0"
20210000,"0.0, 0.0, 0.0, 0.0"
20210001,"0.0, 0.0, 0.0, 0.0"
20210010,"0.0, 0.0, 0.0, 0.0"
20210011,"0.0, 0.0, 0.0, 0.0"
20210100,"0.0, 0.0, 0.0, 0.0"
20210101,"0.0, 0.0, 0.0, 0.0"
20210110,"0.0, 0.0, 0.0, 0.0"
20210111,"0.0, 0.0, 0.0, 0.0"
20211000,"0.0, 0.0, 0.0, 0.0"
20211001,"0.0, 0.0, 0.0, 0.0"
20211010,"0.0, 0.0, 0.0, 0.0"
20211011,"0.0, 0.0, 0.0, 0.0"
20211100,"0.0, 0.0, 0.0, 0.0"
20211101,"0.0, 0.0, 0.0, 0.0"
20211110,"0.0, 0.0, 0.0, 0.0"
20211111,"0.0, 0.0, 0.0, 0.0"
20220000,"0.0, 0.0, 0.0, 0.0"
20220001,"0.0, 0.0, 0.0, 0.0"
20220010,"0.0, 0.0, 0.0, 0.0"
20220011,"0.0, 0.0, 0.0, 0.0"
20220100,"0.0, 0.0, 0.0, 0.0"
20220101,"0.0, 0.0, 0.0, 0.0"
20220110,"0.0, 0.0, 0.0, 0.0"
20220111,"0.0, 0.0, 0.0, 0.0"
20221000,"0.0, 0.0, 0.0, 0.0"
20221001,"0.0, 0.0, 0.0, 0.0"
20221010,"0.0, 0.0, 0.0, 0.0"
20221011,"0.0, 0.0, 0.0, 0.0"
20221100,"0.0, 0.0, 0.0, 0.0"
20221101,"0.0, 0.0, 0.0, 0.0"
20221110,"0.0, 0.0, 0.0, 0.0"
20221111,"0.0, 0.0, 0.0, 0.0"
21000000,"0.0, 0.0, 0.0, 0.0"
21000001,"0.0, 0.0, 0.0, 0.0"
21000010,"0.0, 0.0, 0.0, 0.0"
21000011,"0.0, 0.0, 0.0, 0.0"
21000100,"0.0, 0.0, 0.0, 0.0"
21000101,"0.0, 0.0, 0.0, 0.0"
21000110,"0.0, 0.0, 0.0, 0.0"
21000111,"0.0, 0.0, 0.0, 0.0"
21001000,"0.0, 0.0, 0.0, 0.0"
21001001,"0.0, 0.0, 0.0, 0.0"
21001010,"0.0, 0.0, 0.0, 0.0"
21001011,"0.0, 0.0, 0.0, 0.0"
21001100,"0.0, 0.0, 0.0, 0.0"
21001101,"0.0, 0.0, 0.0, 0.0"
21001110,"0.0, 0.0, 0.0, 0.0"
21001111,"0.0, 0.0, 0.0, 0.0"
21010000,"0.0, 0.0, 0.0, 0.0"
21010001,"0.0, 0.0, 0.0, 0.0"
21010010,"0.0, 0.0, 0.0, 0.0"
21010011,"0.0, 0.0, 0.0, 0.0"
21010100,"0.0, 0.0, 0.0, 0.0"
21010101,"0.0, 0.0, 0.0, 0.0"
21010110,"0.0, 0.0, 0.0, 0.0"
21010111,"0.0, 0.0, 0.0, 0.0"
21011000,"0.0, 0.0, 0.0, 0.0"
21011001,"0.0, 0.0, 0.0, 0.0"
21011010,"0.0, 0.0, 0.0, 0.0"
21011011,"0.0, 0.0, 0.0, 0.0"
21011100,"0.0, 0.0, 0.0, 0.0"
21011101,"0.0, 0.0, 0.0, 0.0"
21011110,"0.0, 0.0, 0.0, 0.0"
21011111,"0.0, 0.0, 0.0, 0.0"
21020000,"0.0, 0.0, 0.0, 0.0"
21020001,"0.0, 0.0, 0.0, 0.0"
21020010,"-50.0, -50.0, 129.64703097260266, -50.0"
21020011,"0.0, 0.0, 0.0, 0.0"
21020100,"-50.0, -50.0, -50.0, 45.854543909323695"
21020101,"0.0, 0.0, 0.0, 0.0"
21020110,"-75.0, -75.0, -87.5, -87.5"
21020111,"0.0, 0.0, 0.0, 0.0"
21021000,"0.0, 0.0, 0.0, 0.0"
21021001,"0.0, 0.0, 0.0, 0.0"
21021010,"0.0, 0.0, 0.0, 0.0"
21021011,"0.0, 0.0, 0.0, 0.0"
21021100,"0.0, 0.0, 0.0, 0.0"
21021101,"0.0, 0.0, 0.0, 0.0"
21021110,"0.0, 0.0, 0.0, 0.0"
21021111,"0.0, 0.0, 0.0, 0.0"
21100000,"0.0, 0.0, 0.0, 0.0"
21100001,"0.0, 0.0, 0.0, 0.0"
21100010,"-50.0, -50.0, 15.61236438753583, -50.0"
21100011,"0.0, 0.0, 0.0, 0.0"
21100100,"-50.0, -50.0, -50.0, 80.41832986811329"
21100101,"0.0, 0.0, 0.0, 0.0"
21100110,"-50.0, -50.0, -69.97478626866686, -50.0"
21100111,"0.0, 0.0, 0.0, 0.0"
21101000,"0.0, 0.0, 0.0, 0.0"
21101001,"0.0, 0.0, 0.0, 0.0"
21101010,"0.0, 0.0, 0.0, 0.0"
21101011,"0.0, 0.0, 0.0, 0.0"
21101100,"0.0, 0.0, 0.0, 0.0"
21101101,"0.0, 0.0, 0.0, 0.0"
21101110,"0.0, 0.0, 0.0, 0.0"
21101111,"0.0, 0.0, 0.0, 0.0"
21110000,"0.0, 0.0, 0.0, 0.0"
21110001,"0.0, 0.0, 0.0, 0.0"
21110010,"0.0, 0.0, 0.0, 0.0"
21110011,"0.0, 0.0, 0.0, 0.0"
21110100,"0.0, 0.0, 0.0, 0.0"
21110101,"0.0, 0.0, 0.0, 0.0"
21110110,"0.0, 0.0, 0.0, 0.0"
21110111,"0.0, 0.0, 0.0, 0.0"
21111000,"0.0, 0.0, 0.0, 0.0"
21111001,"0.0, 0.0, 0.0, 0.0"
21111010,"0.0, 0.0, 0.0, 0.0"
21111011,"0.0, 0.0, 0.0, 0.0"
21111100,"0.0, 0.0, 0.0, 0.0"
21111101,"0.0, 0.0, 0.0, 0.0"
21111110,"0.0, 0.0, 0.0, 0.0"
21111111,"0.0, 0.0, 0.0, 0.0"
21120000,"0.0, 0.0, 0.0, 0.0"
21120001,"0.0, 0.0, 0.0, 0.0"
21120010,"-50.0, -50.0, 46.1007233572245, -50.0"
21120011,"0.0, 0.0, 0.0, 0.0"
21120100,"-50.0, -50.0, -50.0, 40.350771154816"
21120101,"0.0, 0.0, 0.0, 0.0"
21120110,"-99.9736328125, -99.970703125, -86.78653811047249, -99.96903143755566"
21120111,"0.0, 0.0, 0.0, 0.0"
21121000,"0.0, 0.0, 0.0, 0.0"
21121001,"0.0, 0.0, 0.0, 0.0"
21121010,"0.0, 0.0, 0.0, 0.0"
21121011,"0.0, 0.0, 0.0, 0.0"
21121100,"0.0, 0.0, 0.0, 0.0"
21121101,"0.0, 0.0, 0.0, 0.0"
21121110,"0.0, 0.0, 0.0, 0.0"
21121111,"0.0, 0.0, 0.0, 0.0"
21200000,"0.0, 0.0, 0.0, 0.0"
21200001,"0.0, 0.0, 0.0, 0.0"
21200010,"0.0, 0.0, 0.0, 0.0"
21200011,"0.0, 0.0, 0.0, 0.0"
21200100,"0.0, 0.0, 0.0, 0.0"
21200101,"0.0, 0.0, 0.0, 0.0"
21200110,"0.0, 0.0, 0.0, 0.0"
21200111,"0.0, 0.0, 0.0, 0.0"
21201000,"0.0, 0.0, 0.0, 0.0"
21201001,"0.0, 0.0, 0.0, 0.0"
21201010,"0.0, 0.0, 0.0, 0.0"
21201011,"0.0, 0.0, 0.0, 0.0"
21201100,"0.0, 0.0, 0.0, 0.0"
21201101,"0.0, 0.0, 0.0, 0.0"
21201110,"0.0, 0.0, 0.0, 0.0"
21201111,"0.0, 0.0, 0.0, 0.0"
21210000,"0.0, 0.0, 0.0, 0.0"
21210001,"0.0, 0.0, 0.0, 0.0"
21210010,"0.0, 0.0, 0.0, 0.0"
21210011,"0.0, 0.0, 0.0, 0.0"
21210100,"0.0, 0.0, 0.0, 0.0"
21210101,"0.0, 0.0, 0.0, 0.0"
21210110,"0.0, 0.0, 0.0, 0.0"
21210111,"0.0, 0.0, 0.0, 0.0"
21211000,"0.0, 0.0, 0.0, 0.0"
21211001,"0.0, 0.0, 0.0, 0.0"
21211010,"0.0, 0.0, 0.0, 0.0"
21211011,"0.0, 0.0, 0.0, 0.0"
21211100,"0.0, 0.0, 0.0, 0.0"
21211101,"0.0, 0.0, 0.0, 0.0"
21211110,"0.0, 0.0, 0.0, 0.0"
21211111,"0.0, 0.0, 0.0, 0.0"
21220000,"0.0, 0.0, 0.0, 0.0"
21220001,"0.0, 0.0, 0.0, 0.0"
21220010,"0.0, 0.0, 0.0, 0.0"
21220011,"0.0, 0.0, 0.0, 0.0"
21220100,"0.0, 0.0, 0.0, 0.0"
21220101,"0.0, 0.0, 0.0, 0.0"
21220110,"0.0, 0.0, 0.0, 0.0"
21220111,"0.0, 0.0, 0.0, 0.0"
21221000,"0.0, 0.0, 0.0, 0.0"
21221001,"0.0, 0.0, 0.0, 0.0"
21221010,"0.0, 0.0, 0.0, 0.0"
21221011,"0.0, 0.0, 0.0, 0.0"
21221100,"0.0, 0.0, 0.0, 0.0"
21221101,"0.0, 0.0, 0.0, 0.0"
21221110,"0.0, 0.0, 0.0, 0.0"
21221111,"0.0, 0.0, 0.0, 0.0"
22000000,"0.0, 0.0, 0.0, 0.0"
22000001,"0.0, 0.0, 0.0, 0.0"
22000010,"0.0, 0.0, 0.0, 0.0"
22000011,"0.0, 0.0, 0.0, 0.0"
22000100,"0.0, 0.0, 0.0, 0.0"
22000101,"0.0, 0.0, 0.0, 0.0"
22000110,"0.0, 0.0, 0.0, 0.0"
22000111,"0.0, 0.0, 0.0, 0.0"
22001000,"0.0, 0.0, 0.0, 0.0"
22001001,"0.0, 0.0, 0.0, 0.0"
22001010,"0.0, 0.0, 0.0, 0.0"
22001011,"0.0, 0.0, 0.0, 0.0"
22001100,"0.0, 0.0, 0.0, 0.0"
22001101,"0.0, 0.0, 0.0, 0.0"
22001110,"0.0, 0.0, 0.0, 0.0"
22001111,"0.0, 0.0, 0.0, 0.0"
22010000,"0.0, 0.0, 0.0, 0.0"
22010001,"0.0, 0.0, 0.0, 0.0"
22010010,"217.05170322617872, -87.5, -98.4375, -87.5"
22010011,"0.0, 0.0, 0.0, 0.0"
22010100,"0.0, 0.0, 0.0, 0.0"
22010101,"0.0, 0.0, 0.0, 0.0"
22010110,"0.0, 0.0, 0.0, 0.0"
22010111,"0.0, 0.0, 0.0, 0.0"
22011000,"-50.0, -50.0, -50.0, 7.996191634256347"
22011001,"0.0, 0.0, 0.0, 0.0"
22011010,"-87.5, -87.5, -96.25, -93.75"
22011011,"0.0, 0.0, 0.0, 0.0"
22011100,"0.0, 0.0, 0.0, 0.0"
22011101,"0.0, 0.0, 0.0, 0.0"
22011110,"0.0, 0.0, 0.0, 0.0"
22011111,"0.0, 0.0, 0.0, 0.0"
22020000,"0.0, 0.0, 0.0, 0.0"
22020001,"0.0, 0.0, 0.0, 0.0"
22020010,"0.0, 0.0, 0.0, 0.0"
22020011,"0.0, 0.0, 0.0, 0.0"
22020100,"0.0, 0.0, 0.0, 0.0"
22020101,"0.0, 0.0, 0.0, 0.0"
22020110,"0.0, 0.0, 0.0, 0.0"
22020111,"0.0, 0.0, 0.0, 0.0"
22021000,"0.0, 0.0, 0.0, 0.0"
22021001,"0.0, 0.0, 0.0, 0.0"
22021010,"0.0, 0.0, 0.0, 0.0"
22021011,"0.0, 0.0, 0.0, 0.0"
22021100,"0.0, 0.0, 0.0, 0.0"
22021101,"0.0, 0.0, 0.0, 0.0"
22021110,"0.0, 0.0, 0.0, 0.0"
22021111,"0.0, 0.0, 0.0, 0.0"
22100000,"0.0, 0.0, 0.0, 0.0"
22100001,"0.0, 0.0, 0.0, 0.0"
22100010,"26.85203016278833, -50.0, 0.0, 0.0"
22100011,"0.0, 0.0, 0.0, 0.0"
22100100,"0.0, 0.0, 0.0, 0.0"
22100101,"0.0, 0.0, 0.0, 0.0"
22100110,"0.0, 0.0, 0.0, 0.0"
22100111,"0.0, 0.0, 0.0, 0.0"
22101000,"-50.0, -50.0, -50.0, 132.52322243167413"
22101001,"0.0, 0.0, 0.0, 0.0"
22101010,"-50.0, -50.0, -75.0, -50.0"
22101011,"0.0, 0.0, 0.0, 0.0"
22101100,"0.0, 0.0, 0.0, 0.0"
22101101,"0.0, 0.0, 0.0, 0.0"
22101110,"0.0, 0.0, 0.0, 0.0"
22101111,"0.0, 0.0, 0.0, 0.0"
22110000,"0.0, 0.0, 0.0, 0.0"
22110001,"0.0, 0.0, 0.0, 0.0"
22110010,"114.42582154188497, -99.99999999708962, -99.99999910593033, -99.99997615814209"
22110011,"0.0, 0.0, 0.0, 0.0"
22110100,"0.0, 0.0, 0.0, 0.0"
22110101,"0.0, 0.0, 0.0, 0.0"
22110110,"0.0, 0.0, 0.0, 0.0"
22110111,"0.0, 0.0, 0.0, 0.0"
22111000,"-75.0, -75.0, -75.0, -3.7033239327660876"
22111001,"0.0, 0.0, 0.0, 0.0"
22111010,"-99.98082049021392, -99.98779296875, -99.98779296875, -99.98779296875"
22111011,"0.0, 0.0, 0.0, 0.0"
22111100,"0.0, 0.0, 0.0, 0.0"
22111101,"0.0, 0.0, 0.0, 0.0"
22111110,"0.0, 0.0, 0.0, 0.0"
22111111,"0.0, 0.0, 0.0, 0.0"
22120000,"0.0, 0.0, 0.0, 0.0"
22120001,"0.0, 0.0, 0.0, 0.0"
22120010,"0.0, 0.0, 0.0, 0.0"
22120011,"0.0, 0.0, 0.0, 0.0"
22120100,"0.0, 0.0, 0.0, 0.0"
22120101,"0.0, 0.0, 0.0, 0.0"
22120110,"0.0, 0.0, 0.0, 0.0"
22120111,"0.0, 0.0, 0.0, 0.0"
22121000,"0.0, 0.0, 0.0, 0.0"
22121001,"0.0, 0.0, 0.0, 0.0"
22121010,"0.0, 0.0, 0.0, 0.0"
22121011,"0.0, 0.0, 0.0, 0.0"
22121100,"0.0, 0.0, 0.0, 0.0"
22121101,"0.0, 0.0, 0.0, 0.0"
22121110,"0.0, 0.0, 0.0, 0.0"
22121111,"0.0, 0.0, 0.0, 0.0"
22200000,"0.0, 0.0, 0.0, 0.0"
22200001,"0.0, 0.0, 0.0, 0.0"
22200010,"0.0, 0.0, 0.0, 0.0"
22200011,"0.0, 0.0, 0.0, 0.0"
22200100,"0.0, 0.0, 0.0, 0.0"
22200101,"0.0, 0.0, 0.0, 0.0"
22200110,"0.0, 0.0, 0.0, 0.0"
22200111,"0.0, 0.0, 0.0, 0.0"
22201000,"0.0, 0.0, 0.0, 0.0"
22201001,"0.0, 0.0, 0.0, 0.0"
22201010,"0.0, 0.0, 0.0, 0.0"
22201011,"0.0, 0.0, 0.0, 0.0"
22201100,"0.0, 0.0, 0.0, 0.0"
22201101,"0.0, 0.0, 0.0, 0.0"
22201110,"0.0, 0.0, 0.0, 0.0"
22201111,"0.0, 0.0, 0.0, 0.0"
22210000,"0.0, 0.0, 0.0, 0.0"
22210001,"0.0, 0.0, 0.0, 0.0"
22210010,"0.0, 0.0, 0.0, 0.0"
22210011,"0.0, 0.0, 0.0, 0.0"
22210100,"0.0, 0.0, 0.0, 0.0"
22210101,"0.0, 0.0, 0.0, 0.0"
22210110,"0.0, 0.0, 0.0, 0.0"
22210111,"0.0, 0.0, 0.0, 0.0"
22211000,"0.0, 0.0, 0.0, 0.0"
22211001,"0.0, 0.0, 0.0, 0.0"
22211010,"0.0, 0.0, 0.0, 0.0"
22211011,"0.0, 0.0, 0.0, 0.0"
22211100,"0.0, 0.0, 0.0, 0.0"
22211101,"0.0, 0.0, 0.0, 0.0"
22211110,"0.0, 0.0, 0.0, 0.0"
22211111,"0.0, 0.0, 0.0, 0.0"
22220000,"0.0, 0.0, 0.0, 0.0"
22220001,"0.0, 0.0, 0.0, 0.0"
22220010,"0.0, 0.0, 0.0, 0.0"
22220011,"0.0, 0.0, 0.0, 0.0"
22220100,"0.0, 0.0, 0.0, 0.0"
22220101,"0.0, 0.0, 0.0, 0.0"
22220110,"0.0, 0.0, 0.0, 0.0"
22220111,"0.0, 0.0, 0.0, 0.0"
22221000,"0.0, 0.0, 0.0, 0.0"
22221001,"0.0, 0.0, 0.0, 0.0"
22221010,"0.0, 0.0, 0.0, 0.0"
22221011,"0.0, 0.0, 0.0, 0.0"
22221100,"0.0, 0.0, 0.0, 0.0"
22221101,"0.0, 0.0, 0.0, 0.0"
22221110,"0.0, 0.0, 0.0, 0.0"
22221111,"0.0, 0.0, 0.0, 0.0"
